{
    "appGlobal":{
        "supportedLanguage":["en", "pl"],
        "temporaryFileSubPath": "temp/",
        "supportedPrinters":[
            {
                "name": "DYMO",
                "dpi": 300,
                "systemName": "DYMOLWW111466"
            },
            {
                "name": "ZEBRA ZD220",
                "dpi": 203,
                "systemName": "ZD220"
            },
            {
                "name": "XP-410B",
                "dpi": 203,
                "systemName": "XP-410B"
            }
        ],
        "supportedLabels":[
            {
                "name": "57 x 32 mm",
                "width": 57,
                "height": 32,
                "margin": [1.5, 1.5, 1.5, 1.5]
            },
            {
                "name": "40 x 20 mm",
                "width": 40,
                "height": 20,
                "margin": [0.2, 0.2, 0.2, 0.2]
            },
            {
                "name": "50 x 40 mm",
                "width": 50,
                "height": 40,
                "margin": [0.2, 0.2, 0.2, 0.2]
            }
        ],
        "dataProviders":{
            "partsBoxApi":{
                "url": "api.partsbox.com/api/1",
                "key": "partsboxapi_51bn1x55t2hh2b508syx04fdvj7c25e8a1798cd7643fa3ccdc4702743be571eb",
                "validityPeriod_s": 43200.0,
                "temporaryFile": "partboxTemp.json"
            }
        },
        "txt":{
            "appName":{
                "pl": "Etykiety LID",
                "en": "LID label Helper:"
            }
        }
    },
    "icons":{
        "check_gr": "misc/check_64.png",
        "cross_rd": "misc/error_64.png",
        "caution_ye":"misc/alert_64.png",
        "find": "misc/search_64.png",
        "appIcon": "misc/appIcon.png"
    },
    "MainAppWindow":{
        "txt":{
            "labelComboBoxPrinter":{
                "pl": "Drukarka:",
                "en": "Printer:"
            },
            "labelComboBoxLanguage":{
                "pl": "Język:",
                "en": "Language:"
            },
            "labelComboBoxLabel":{
                "pl": "Etykieta:",
                "en": "Label:"
            }, 
            "labelPartsBoxRefresh":{
                "pl": "PartsBox:",
                "en": "PartsBox:"
            },
            "pushButtonPartsBoxRefresh":{
                "pl": "Reload",
                "en": "Reload"
            },
            "pushButtonPidInventory":{
                "pl": "PID inwentaryzacja",
                "en": "PID inventory"
            },
            "pushButtonLidLabels":{
                "pl": "Etykiety LID",
                "en": "LID labels"
            },
            "pushButtonPidRaport":{
                "pl": "Raport PID",
                "en": "PID report"
            }
        }
    },
    "LidLabelWindow":{
        "txt":{
            "labelProjectName":{
                "pl": "Projekt:",
                "en": "Project:"
            },
            "labelQuantity":{
                "pl": "Ilość\nPCB:",
                "en": "PCB\nQuantity:"
            },
            "buttonPidUp":{
                "pl": "Nastepny",
                "en": "Next"
            },
            "buttonPidDown":{
                "pl": "Popszedni",
                "en": "Prev."
            },
            "buttonAssignaLid":{
                "pl": "Połącz",
                "en": "Assign"
            },
            "buttonUnasignLid":{
                "pl": "Rozłącz",
                "en": "Unassigna"
            }
        }
    },
    "PidInventoryWindow":{
        "txt":{
            "buttonAdd":{
                "pl": "Dodaj\nIlość",
                "en": "Add\nquantity"
            },
            "buttonAdd.ToolTip":{
                "pl": "DODAJ zliczoną ilość\ndo komponentu.\nUżyj klawisza \"Podmień Ilość\" aby zastąpić ilość komponentu,\nzamiast ja dodawać do już zliczonej.",
                "en": "Add counted quantity\nto component"
            },
            "buttonRemove":{
                "pl": "Usuń",
                "en": "Remove"
            },
            "buttonRemove.ToolTip":{
                "pl": "Zresetuj komponent\njako nie-inwentaryzowany",
                "en": "Reset component status to default:\nnot counted element"
            },
            "buttonUpdate":{
                "pl": "Podmień\nIlość",
                "en": "Upate\nQuantity"
            },
            "buttonUpdate.ToolTip":{
                "pl": "PODMIEŃ (nie dodaj) ilść komponetów",
                "en": "Upate (not add) quantity"
            },
            "buttonSave":{
                "pl": "Zapisz",
                "en": "Save"
            },
            "buttonSave.ToolTip":{
                "pl": "Zapisz bieące dane do pliku.",
                "en": "Save current data to file."
            },
            "buttonLoad":{
                "pl": "Wczytaj",
                "en": "Load"
            },
            "buttonLoad.ToolTip":{
                "pl": "Wczytaj zawartość pliku.",
                "en": "Read data from file."
            },
            "buttonRefreshPartsBox":{
                "pl": "Uaktualnij\nz PartsBox",
                "en": "Refresh\nfrom PartsBox"
            },
             "buttonRefreshPartsBox.ToolTip":{
                "pl": "Pobież dane z PartsBox.",
                "en": "Refresh from PartsBox."
            },
            "buttonToPartsBox":{
                "pl": "Dodaj\ndo PartsBox",
                "en": "To\nPartsBox"
            },
            "buttonToPartsBox.ToolTip":{
                "pl": "Dodaj / Uaktualnij komponenty w PartsBox.\n UWAGA!!.\nOperacji nie mozna cofnąć",
                "en": "Add/Update component quantity in PartsBox."
            },
            "buttonFind":{
                "pl": "Znajdz",
                "en": "Find"
            },
            "buttonFind.ToolTip":{
                "pl": "Znajdz komponent o podanym PID",
                "en": "Find part with given PID"
            },
            "barcodeScanner.ToolTip":{
                "pl": "Kliknij aby zeskanować barcode.\nMusi być aktywne aby skonowanie miało efekt.",
                "en": "Klik (focus in) for barcode scanning."
            },
            "lineEditFindPid.ToolTip":{
                "pl": "Numer PID\nktóry ma być znaleziony.",
                "en": "PID number for searching."
            },
            "lineEditQuantity.ToolTip":{
                "pl": "Ilość komponentów\nzliczona przy inventaryzacji.",
                "en": "Parts quantity."
            },
            "labelPid.ToolTip":{
                "pl": "Kliknij dwókrotnie\naby wydrukować etykietę",
                "en": "Double click print label."
            },
            "labelPid.M":{
                "pl": "R",
                "en": "M"
            },
            "labelPid.A":{
                "pl": "A",
                "en": "A"
            },
            "tableViewParts.A":{
                "pl": "PID",
                "en": "PID"
            },
            "tableViewParts.B":{
                "pl": "MPN",
                "en": "MPN"
            },
            "tableViewParts.C":{
                "pl": "Producent",
                "en": "Manufacturer"
            },
            "tableViewParts.D":{
                "pl": "Footprint",
                "en": "Footprint"
            },
            "tableViewParts.E":{
                "pl": "Opis",
                "en": "Description"
            },
            "tableViewParts.F":{
                "pl": "Ilość",
                "en": "Stock"
            },
            "tableViewParts.G":{
                "pl": "Magazyn",
                "en": "Magazin"
            },
            "tableViewParts.H":{
                "pl": "Stat.",
                "en": "Stat."
            },
            "tableViewParts.I":{
                "pl": "Operacja",
                "en": "Operation"
            },
            "UserMessages.OK":{"pl": "Ok", "en": "Ok"},
            "UserMessages.BARCODE_UNKNOW":{"pl": "Nienany kod kreskowy", "en": "Unknown barcode"},
            "UserMessages.BARCODE_OK":{"pl": "Prawidłowy kod kreskowy", "en": "Correct barcode"},
            "UserMessages.PART_OK":{"pl": "Znaleziono komponent w PartsBox", "en": "Correct part in PartsBox"},
            "UserMessages.PART_ERROR":{"pl": "Komponent nie istnieje w PartsBox", "en": "Part dont exist in PartsBox"},
            "UserMessages.FILE_SAVED_OK":{"pl": "Plik zapisano prawidłowo", "en": "File saved sucessfully"},
            "UserMessages.FILE_SAVED_ERROR":{"pl": "Błąd zapisu pliku", "en": "Error during file saving"},
            "UserMessages.FILE_LOAD_OK":{"pl": "Plik wczytano prawidłowo", "en": "File loaded sucessfully"},
            "UserMessages.FILE_LOAD_ERROR":{"pl": "Błąd podczas wczytywania pliku", "en": "Error during file loading"},
            "UserMessages.PART_UPDATE_OK":{"pl": "Uaktualniono komponent", "en": "Part updated succesfully"},
            "UserMessages.PART_UPDATE_ERROR":{"pl": "Błąd podczas uaktualnia komponentu", "en": "Error during part updating"},
            "UserMessages.PID_FIND_OK":{"pl": "Znbaleziono komponent", "en": "Part finded"},
            "UserMessages.PID_FIND_ERR":{"pl": "Nie znaleziono komponentu", "en": "Part not finded"}
        }
    },
    "PidInventoryToPartsBoxWindow":{
        "txt":{
            "labelPartsBoxComment":{
                "pl": "Komentaż:",
                "en": "Comment:"
            },
            "labelPid":{
                "pl": "PID:",
                "en": "PID:"
            },
            "labelPidDescription":{
                "pl": "Opis:",
                "en": "Description:"
            },
            "labelInventoryQuantity":{
                "pl": "Inventaryzacja:",
                "en": "Inventory:"
            },
            "labelPartsBoxQuantity":{
                "pl": "PartsBox:",
                "en": "PartsBox:"
            },
            "labelOperationQuantity":{
                "pl": "Operacja:",
                "en": "Action:"
            },
            "buttonFind":{
                "pl": "Znajdż",
                "en": "Find"
            },
            "buttonCancel":{
                "pl": "Anuluj/Zamknij",
                "en": "Cancel"
            },
            "buttonAdd":{
                "pl": "Dodaj\ndo partsBox",
                "en": "Add\nto PartsBox"
            }
        }
    }
}